Trip_Distance_km,Time_of_Day,Day_of_Week,Passenger_Count,Traffic_Conditions,Weather,Trip_Price,Trip_Duration_Minutes
19.35,Morning,Weekday,3,Low,Clear,36.2624,53.82
47.59,Afternoon,Weekday,1,High,Clear,,40.57
36.87,Evening,Weekend,1,High,Clear,52.9032,37.27
30.33,Evening,Weekday,4,Low,,36.4698,116.81
,Evening,Weekday,3,High,Clear,15.618,22.64
8.64,Afternoon,Weekend,2,Medium,Clear,60.2028,89.33
3.85,Afternoon,Weekday,4,High,Rain,11.2645,5.05
43.44,Evening,Weekend,3,,Clear,101.1216,
30.45,Morning,Weekday,3,High,Clear,,110.33
35.7,Afternoon,Weekday,2,Low,Rain,75.5657,
,Morning,Weekday,4,,Clear,14.892,26.34
48.53,Night,Weekday,3,Low,Clear,,79.94
41.79,Night,Weekend,3,High,Clear,88.1328,86.95
11.4,Morning,Weekday,3,,Clear,36.118,84.12
9.91,Evening,Weekday,2,High,Clear,28.9914,41.72
9.99,Night,Weekday,4,High,Clear,27.4415,34
15.91,Morning,Weekday,4,Low,Clear,56.716,114.93
26.71,Afternoon,Weekend,4,Low,Rain,69.0049,111.18
22.17,Night,,4,Low,Clear,69.6268,57.59
15.27,Morning,,,Low,Clear,27.3543,
30.98,Afternoon,Weekend,1,Low,Rain,44.7782,57.02
7.84,Morning,Weekday,4,Medium,,26.2988,53.8
105.94355,Night,Weekend,2,Low,Rain,201.8695092,23.03
18.95,Night,Weekday,1,Low,Clear,39.2366,54.04
23.35,Night,,3,Low,Rain,33.632,66.8
39.47,Afternoon,Weekday,1,Low,Clear,83.6965,7.59
10.78,Evening,,3,High,Rain,28.2443,56.07
138.0983279,Evening,Weekend,4,Medium,Rain,280.8773016,94.86
30.03,,Weekday,1,High,Clear,64.7971,83.21
3.28,Evening,Weekday,2,Medium,Clear,24.2608,78.04
30.77,Morning,Weekday,1,Low,Clear,58.8121,109.6
9.36,Afternoon,Weekday,1,Medium,Clear,20.7765,7.07
4.19,Morning,Weekday,1,Low,Clear,,69.06
47.5,Morning,Weekend,,Low,Clear,57.28,95.55
48.32,Morning,Weekday,2,Low,Clear,61.5552,67.25
40.61,Afternoon,Weekday,1,Low,Clear,54.1018,42.25
15.93,Afternoon,Weekday,2,Low,,35.0164,20.67
5.79,Evening,Weekday,4,Low,Clear,40.9225,107.07
34.53,Morning,Weekday,3,Medium,Clear,60.0471,59.14
22.57,Afternoon,Weekday,1,Low,Clear,62.7785,105.98
6.98,Afternoon,Weekend,2,Low,Clear,20.791,72.37
25.26,Evening,Weekday,2,High,Clear,57.0482,82.53
2.69,Afternoon,Weekday,4,Low,Clear,42.9921,97.49
45.56,Afternoon,Weekday,,Low,Clear,85.884,80.8
13.68,Evening,Weekend,3,High,Clear,29.4758,50.78
33.46,Afternoon,Weekend,2,Low,Rain,30.9982,64.07
16.27,Morning,Weekday,1,Low,Clear,64.0553,97.35
26.48,Morning,Weekend,3,Medium,Clear,44.844,47.97
27.79,Evening,Weekday,2,Low,Clear,44.1197,49.63
10.06,Morning,Weekday,2,Medium,Rain,20.1596,16
48.51,Evening,Weekday,3,High,Rain,104.1764,110.18
38.98,Afternoon,Weekday,3,Low,Clear,57.0766,15.47
47.04,Night,Weekday,4,Medium,,98.3796,79.54
44.85,Evening,Weekend,1,Medium,Rain,41.9343,52.52
30.3,Night,Weekend,1,Low,Clear,72.2695,51.65
46.17,Afternoon,Weekday,4,Medium,Clear,99.8989,83.15
5.34,,Weekday,2,Low,Clear,10.2366,12.72
10.6,Afternoon,Weekday,3,Medium,Clear,32.342,73.28
3.22,Afternoon,Weekday,3,Low,Rain,37.1504,93.78
16.94,Afternoon,Weekday,3,Medium,Snow,78.715,100.24
20.05,Evening,,2,Low,,29.8609,24.61
14.3,Night,Weekday,3,High,Clear,59.181,108.2
41.61,Evening,Weekend,3,Low,Rain,47.3148,
18.48,Afternoon,Weekday,4,Medium,Clear,69.6575,106.41
146.0670472,Afternoon,Weekday,2,Medium,Clear,320.9586636,60.81
27.59,Evening,Weekend,1,Medium,Rain,61.4595,67.33
7.91,Morning,Weekday,4,Medium,Clear,68.3748,110.69
40.31,Morning,Weekday,4,Medium,Clear,71.2142,108.49
4.65,Afternoon,Weekday,1,Medium,,33.8442,56.54
49.36,Morning,,4,High,Rain,65.084,36.56
38.84,Morning,Weekend,2,Low,Clear,69.5281,50.21
10.74,Morning,,3,Medium,Clear,23.5462,49.59
1.27,Morning,Weekday,2,High,Clear,11.3358,37.99
40.96,Morning,Weekend,1,High,,92.8432,35.89
35.64,Night,Weekend,1,High,Rain,36.4388,104.02
36.72,,Weekend,,Low,Clear,61.8883,13.03
38.79,Afternoon,Weekday,2,Low,Clear,104.2421,82.93
4.63,Afternoon,Weekday,,Medium,Clear,18.8626,24.87
18.56,Morning,Weekend,1,Medium,Snow,45.385,44.62
6.68,Night,Weekend,2,Medium,Clear,16.9284,12.08
43.29,Evening,Weekday,1,Medium,Rain,94.2463,36.05
31.54,Morning,Weekday,2,High,Clear,87.6076,93.37
17.21,Afternoon,Weekday,2,Low,Rain,42.8661,106.78
4.11,Evening,Weekend,2,High,Rain,11.2613,30.48
,Night,Weekday,1,Medium,Clear,45.8161,58.31
16.93,Afternoon,Weekday,4,Low,Snow,42.9949,59.09
36.75,Afternoon,Weekday,2,Medium,Clear,76.2217,105.46
,,Weekday,1,Medium,Clear,57.9476,92.72
44.47,Night,Weekend,1,Low,Clear,59.7613,64
24.14,Morning,Weekday,2,Low,,55.3948,82.14
6.86,Night,Weekend,2,High,Clear,29.4658,102.45
35.95,Afternoon,Weekend,4,Low,Clear,40.4165,6.1
38.28,Afternoon,Weekday,1,Medium,Clear,63.5611,51.33
28.5,Afternoon,Weekday,1,Medium,Clear,105.9418,109.33
38.78,Morning,Weekday,3,Medium,Clear,,90.14
,Morning,Weekend,1,Medium,Clear,60.077,67.43
26.61,Morning,Weekday,4,Low,Rain,33.0286,65.91
21.95,Morning,Weekday,3,Medium,Clear,27.865,44.99
2.25,Evening,Weekend,3,Low,Clear,40.65,
6.29,Afternoon,Weekday,3,,Clear,29.645,80.37
2.54,Morning,Weekend,,Low,Clear,25.7527,53.11
32.18,Night,Weekday,2,Medium,Rain,62.4923,87.13
16.4,Evening,Weekday,1,,Rain,53.9332,104.04
25.92,Night,Weekday,3,Low,Clear,58.7766,22.79
45.47,Night,Weekend,4,Low,Rain,73.4155,56.93
13.22,Morning,Weekday,2,Low,Rain,31.99,51.92
21.11,Afternoon,Weekend,4,High,Rain,34.3067,84.06
38.02,Evening,,4,,Clear,66.2817,33.73
112.8309583,Afternoon,Weekday,2,High,Snow,233.0082852,78.63
4.77,Morning,Weekend,2,High,Clear,,105.91
102.7475562,Evening,Weekday,2,Medium,Clear,274.5350868,53.09
,Morning,Weekday,2,Low,Clear,37.3559,109.77
46.56,Morning,Weekday,3,Low,Clear,99.8038,119.21
40.6,Afternoon,Weekend,3,Medium,Clear,29.532,17.2
32.04,Afternoon,Weekday,3,Low,Clear,30.446,31.8
43.7,,Weekday,3,Low,Clear,106.0042,114.29
40.38,Morning,Weekday,1,Medium,Rain,63.4323,115.21
10.14,Evening,Weekday,3,High,Rain,19.9744,16.24
44.74,,Weekday,2,Medium,Clear,62.8678,6.72
27.43,Morning,Weekend,4,Low,Rain,52.7821,23.53
40.56,Evening,Weekend,3,Medium,Rain,82.0828,119.54
44.91,Night,Weekday,1,Low,Rain,63.0611,25.7
16.58,Evening,,2,Low,Clear,,62.79
6.39,Evening,Weekday,4,High,Clear,51.6275,102.57
12.17,Afternoon,Weekend,4,Low,Rain,25.4826,7.35
21.93,Afternoon,,3,Low,,48.024,74.52
41.08,Morning,,4,Low,,90.5124,36.86
43.18,Afternoon,Weekday,3,High,Clear,98.6948,104.17
1.34,,Weekend,3,Medium,Clear,22.7182,37.6
26.03,Morning,Weekday,2,Medium,Clear,76.2085,83.98
21.45,Evening,Weekday,2,Medium,Clear,53.056,82.54
11.88,Afternoon,Weekday,1,,,22.5446,30.47
6.87,Morning,Weekday,2,Medium,Rain,14.935,9
17.54,Morning,Weekday,2,Low,Rain,50.696,52.06
,Afternoon,Weekend,3,Low,Clear,85.6182,38.26
16.84,Morning,Weekend,2,Medium,Snow,30.942,98.03
26.42,Evening,Weekday,3,High,Clear,75.2204,97.04
,,,3,Low,Clear,73.587,57.56
18.82,Afternoon,Weekday,2,Low,Rain,22.8766,74.75
48.62,Afternoon,Weekend,1,Low,Rain,67.2293,74.49
48.16,,Weekend,1,,Rain,110.2544,100.12
109.616082,Afternoon,Weekday,4,High,Clear,327.2176655,53.88
,Afternoon,Weekend,4,Medium,Rain,44.7092,36.68
15.74,Afternoon,Weekday,2,,Clear,39.4624,35.48
14.96,Morning,Weekday,1,Medium,Rain,28.5862,66.66
2.81,Evening,Weekend,3,Low,Rain,27.4942,56.65
30.87,Evening,Weekday,4,Medium,Clear,76.4286,55.61
25.63,Afternoon,Weekday,3,Medium,Clear,54.1556,15.48
3.52,Evening,Weekday,4,Medium,Rain,29.4228,87.64
14.65,Evening,Weekend,2,High,Clear,40.0207,29.58
45.51,Evening,Weekday,1,Medium,Clear,36.4958,27.65
12.74,Evening,Weekday,4,Low,Rain,35.3572,52.47
8.1,Afternoon,Weekend,1,High,Clear,14.6127,31.19
24.98,Afternoon,Weekend,3,Low,Rain,52.5934,72.14
49.3,Afternoon,Weekday,2,Low,Clear,63.866,47.72
12.86,Evening,Weekday,1,Low,Clear,39.5698,56.62
33.93,Morning,Weekday,2,Low,Rain,59.9287,66.77
38.32,Evening,Weekday,1,Medium,Clear,52.6453,28.41
12.64,Evening,Weekday,3,Medium,Clear,20.3819,22.91
36.68,,Weekend,3,High,Rain,76.6192,106.25
19.02,Evening,Weekday,2,Medium,Clear,35.0028,54.88
31.98,Morning,,3,Medium,Clear,57.7533,52.39
32.04,,Weekday,4,Low,Clear,40.8518,9.1
27.25,Evening,Weekend,1,Low,Rain,66.566,
5.42,Morning,Weekday,3,Medium,Rain,30.318,68.73
41.93,Evening,Weekend,4,Medium,Rain,87.6519,69.27
,Evening,Weekday,2,High,Clear,51.9016,86.31
10.14,Afternoon,Weekday,4,Low,Rain,,25.41
3,Morning,Weekday,2,Low,Clear,19.6645,34.01
29.95,Morning,Weekday,2,Medium,Clear,48.7802,98.23
34.2,,Weekday,1,Low,Clear,86.1412,113.92
1.81,Night,Weekday,1,Low,Rain,12.5567,20.63
26.09,,Weekday,4,Medium,Rain,54.6218,62.23
12.1,Morning,Weekend,,Low,Clear,19.2643,
32.61,Afternoon,,1,Medium,Clear,31.3891,11.91
9.54,Afternoon,Weekend,1,,Rain,33.1785,42.43
34.86,Evening,Weekday,4,Low,Clear,62.895,21.52
19.95,Morning,Weekday,3,Low,,,
46.9,Evening,Weekday,1,High,Clear,,66.38
7.74,Afternoon,Weekday,1,Low,Clear,15.0994,21.54
17.71,Night,Weekday,4,Medium,Clear,31.8296,6.06
6.56,Afternoon,Weekday,3,Low,Clear,39.4174,97.94
46.31,Afternoon,Weekday,1,Medium,Rain,96.939,
43.99,Night,Weekday,2,Low,Clear,66.5363,74.71
13.64,Morning,Weekday,4,Medium,Rain,29.5606,43.75
33.34,Night,Weekend,1,Medium,Clear,51.2721,72.33
41.04,Afternoon,Weekend,1,High,Clear,63.5224,41.3
28.2,Morning,Weekend,2,Low,Clear,37.086,15
26.95,Afternoon,Weekend,2,Low,Clear,44.7548,
12.85,Evening,Weekday,4,Low,Snow,23.4957,26.63
5.56,Morning,Weekday,4,High,Clear,19.145,54.22
,Afternoon,Weekend,2,Medium,Clear,76.1018,80.7
45.12,Afternoon,Weekday,4,Medium,Clear,79.7004,35.34
32.02,Afternoon,Weekday,2,,Clear,60.3866,6.39
17.61,Morning,Weekday,1,Low,Clear,58.257,64.68
18.11,Evening,,2,Low,Rain,59.7113,74.66
,Night,Weekday,2,High,Clear,89.0764,115.73
,Night,Weekend,3,Medium,Clear,77.189,72.79
44.47,Evening,Weekday,2,High,Clear,95.1969,59.18
39.21,Morning,Weekday,2,Low,Snow,54.6348,70.94
32.46,Evening,Weekend,3,,Clear,102.8806,111.71
5.12,Morning,Weekday,4,Medium,Clear,51.4584,
8.92,Morning,Weekday,3,Low,Clear,28.4048,42.14
45.03,Afternoon,Weekday,1,High,Clear,53.2857,32.28
30.72,Afternoon,Weekend,3,,Clear,45.5308,35.2
1.45,Evening,Weekend,1,High,Clear,12.2396,63.01
5.97,Afternoon,Weekday,4,Medium,Rain,44.9557,90.57
33.51,Afternoon,Weekend,3,Low,Clear,,62.87
1.25,,Weekday,3,Low,Rain,9.8005,12.8
8.88,Night,Weekend,4,High,Clear,59.9604,88.21
27.89,,Weekend,1,Low,Clear,31.3844,97.69
34.9,Afternoon,Weekend,3,Medium,Clear,44.1375,38.29
32.95,Morning,Weekday,1,Medium,Clear,,81.37
11.99,Evening,Weekend,,Medium,Rain,40.8394,54.06
35.9,,Weekend,2,High,Clear,,107.25
12.63,Morning,Weekday,3,Low,,66.1016,102.2
16.94,Morning,Weekend,4,Low,Clear,25.662,65.42
37.58,Afternoon,Weekday,4,Low,Snow,86.2272,84.52
32.83,Afternoon,Weekend,1,Medium,Clear,58.9648,106.59
42.61,Morning,Weekday,3,Low,Rain,72.8683,62.01
33.22,Night,Weekend,1,Low,Clear,70.5816,41.02
28.85,Morning,,1,High,Clear,63.9534,91.67
5.59,Afternoon,Weekday,2,High,Clear,17.1476,30.31
19.02,Night,Weekday,2,Low,,43.9748,49.68
13.99,Afternoon,Weekday,4,,Clear,69.9337,104.56
130.8090013,Afternoon,Weekday,1,High,Clear,328.8717691,88.31
48.68,Afternoon,Weekday,4,Low,Rain,58.9584,51.44
20.26,Morning,Weekday,3,Low,Rain,23.0728,29.7
44.71,Night,Weekday,1,Low,Rain,,45.94
31.93,Afternoon,Weekday,1,Medium,Clear,71.4247,37.67
39.95,Evening,Weekend,3,Low,Clear,59.828,25.25
25.63,Morning,Weekday,3,High,Clear,39.066,
29.27,Morning,Weekend,4,Medium,Rain,62.982,33.99
25.13,Morning,Weekend,4,Medium,Rain,53.2792,57.23
,Afternoon,Weekday,3,Low,Clear,18.7636,49.37
36.4,Afternoon,Weekday,4,Medium,Clear,94.105,117.94
14.76,Evening,Weekend,3,Medium,Clear,55.7198,49.98
2.19,Afternoon,Weekday,1,Medium,Clear,6.4729,14.2
32.63,Night,Weekday,1,Medium,Clear,35.8539,15.33
9.68,Morning,Weekday,2,Medium,,31.341,72.94
47.08,Evening,Weekend,1,High,Rain,65.587,73.93
47.74,Evening,Weekday,3,High,Clear,44.733,53.16
45.83,Evening,Weekday,4,Medium,Clear,88.1462,54.66
19.14,Evening,Weekend,2,Low,Snow,41.6946,11.2
1.76,Evening,Weekend,,Low,Clear,23.3132,64.4
46.49,Afternoon,Weekday,3,Low,Clear,118.0321,63.05
21.98,Morning,Weekday,1,Medium,Clear,41.2036,22.2
48.37,Morning,Weekend,2,Medium,Clear,41.2217,
48.22,Night,Weekday,3,Medium,Clear,105.144,19.21
42.8,Afternoon,Weekday,,High,Rain,57.5512,16.62
15.43,Evening,Weekday,2,High,Clear,29.0991,75.12
19.87,Afternoon,Weekend,1,High,,41.5138,27.6
42.71,Morning,Weekday,3,Low,Clear,48.4081,33.91
16.53,Morning,Weekend,4,Medium,Clear,21.4931,24.96
9.31,Afternoon,Weekend,2,Low,Rain,32.415,115.15
28.28,Afternoon,Weekday,2,Low,Rain,77.5496,103.28
46.87,Morning,Weekday,4,Low,Clear,92.6832,31.51
35.11,Afternoon,Weekday,3,Low,Rain,70.2411,42.67
28.93,Morning,Weekday,2,Medium,Clear,74.5744,29.14
5.76,Afternoon,Weekday,2,High,Snow,19.3694,61.57
31.14,,Weekend,2,Low,Clear,35.4798,7.26
49.51,Evening,Weekday,3,Medium,Snow,,82.21
7.86,Afternoon,,3,Medium,Rain,,
26.4,Afternoon,Weekday,4,Low,Clear,,108.34
43.99,Morning,Weekday,3,Medium,Clear,,23.91
37.3,Morning,Weekday,3,Low,Snow,107.7025,97.47
35.15,Afternoon,Weekday,1,Medium,Rain,91.8308,96.08
116.1960636,Afternoon,Weekend,4,Medium,Clear,206.6995697,19.63
139.0622302,Afternoon,Weekday,2,Low,Rain,276.8405967,50.83
,Morning,Weekday,3,Low,,29.5584,24.57
40.66,Afternoon,Weekday,2,Medium,Clear,41.4292,34.29
40.7,Evening,Weekday,2,,Clear,91.2296,35.27
43.49,Evening,Weekday,1,Low,Clear,79.6245,68.97
45.75,Morning,Weekday,3,Medium,Rain,50.5038,52.31
26.06,Afternoon,Weekend,4,Medium,Clear,,113.99
25.57,Morning,Weekday,3,High,Rain,,19.53
40.12,Morning,Weekend,,High,Clear,96.546,116.97
32.85,Night,Weekday,4,Medium,Clear,54.4414,31.52
35.4,Morning,Weekday,3,,Clear,117.7468,93.88
39.99,Afternoon,Weekday,2,High,Clear,39.538,43.98
44.61,Afternoon,Weekday,,Low,,55.9143,21.45
17.56,Evening,Weekday,1,Low,Clear,36.0458,103.66
,Afternoon,Weekday,1,Low,Clear,46.274,40.52
5.61,,Weekday,1,High,Clear,16.6464,
29.34,Afternoon,Weekday,2,High,Clear,82.3678,70.14
2.76,Afternoon,Weekday,3,Low,Clear,,59.25
23.81,Morning,Weekend,1,Medium,Rain,63.1719,62.02
100.38042,Afternoon,Weekday,3,Medium,Rain,329.9130039,89.21
15.04,Morning,Weekday,1,Low,Clear,33.4311,15.09
29.95,Morning,Weekday,4,High,Clear,69.4707,81.84
2.49,Afternoon,Weekday,,Low,Clear,41.699,108.02
2.83,Morning,Weekday,1,Low,Snow,8.9203,11.65
41.31,Afternoon,Weekday,,Medium,Clear,56.0596,21.18
18.65,Afternoon,Weekday,1,Medium,Clear,54.4946,87.41
7.23,Evening,Weekday,1,Low,Clear,33.7491,55.29
26.59,Morning,Weekday,2,Medium,Clear,34.2597,51.41
38.73,Morning,Weekday,,Medium,Clear,87.2987,20.75
11.58,Morning,Weekday,3,Low,Rain,26.9202,63.28
31.52,,Weekday,1,Low,Clear,29.0925,19.55
5.18,Evening,Weekday,2,Medium,Clear,21.7323,59.81
3.53,Morning,Weekend,1,Low,Clear,16.1211,92.82
27.04,Night,Weekday,2,High,Clear,25.6218,
145.7470599,Morning,Weekday,3,High,Rain,325.0989498,60.29
32.23,Afternoon,Weekday,3,High,Clear,70.5144,119.08
36.58,Evening,Weekend,4,,Rain,57.791,83.96
48.82,Evening,Weekday,2,High,Clear,99.5104,101.76
26.3,Evening,Weekday,2,Medium,Clear,65.9299,52.71
16.82,Evening,Weekday,4,Low,Snow,65.1668,93.3
39.96,Afternoon,Weekday,4,Low,Clear,45.782,9.66
14.27,Evening,Weekday,2,,Rain,19.1962,19.13
22.51,Morning,Weekday,4,,Clear,45.2531,28.35
4.84,Evening,,3,Medium,Rain,13.9136,51.22
2.24,Afternoon,Weekday,1,Low,Clear,19.9412,102.26
48.17,Evening,Weekend,3,Medium,Clear,96.3487,44.82
41.96,Afternoon,Weekend,4,Low,Rain,68.6544,80.28
35.1,Afternoon,Weekday,2,,Rain,53.5767,86.57
21.04,Afternoon,Weekday,2,Low,Rain,34.726,72.41
9.49,Evening,,3,High,Rain,43.8894,46.08
8.67,Morning,Weekday,2,High,Rain,53.1349,71.36
13.26,Morning,Weekday,4,Medium,Clear,38.8144,44.36
27.91,Morning,Weekend,3,Low,Clear,42.0962,
36.02,Morning,Weekend,2,Low,Clear,79.2381,119.17
33.35,Evening,Weekday,1,High,Clear,74.5998,19.63
14.72,Morning,Weekday,,Low,Clear,38.0988,13.32
47.79,,Weekend,4,Low,Clear,71.3962,106.03
37.16,Afternoon,Weekend,2,Low,,84.4676,39.71
28.16,Morning,Weekend,,,Clear,64.7324,79.78
,Evening,Weekday,3,Medium,Clear,37.4586,42.84
21.56,Afternoon,Weekday,1,High,Clear,,50.02
13.14,,Weekday,3,Low,Clear,23.105,35.14
18.44,Afternoon,Weekday,2,Low,Rain,48.027,44.45
38.13,,Weekday,4,High,Rain,41.544,52.23
1.71,Morning,Weekday,4,High,Clear,22.4347,87.85
6.69,Night,Weekday,4,Low,Clear,44.6007,
3.25,Night,Weekday,3,Medium,Clear,28.5966,
3,Afternoon,Weekday,1,Low,Clear,8.7296,9.82
42.92,Morning,Weekday,3,High,Clear,71.095,62.85
35.48,Afternoon,Weekday,3,Low,Clear,81.3986,72.19
116.6676807,Morning,Weekday,2,High,Clear,248.2952089,110.82
5.79,Morning,Weekday,2,Medium,Clear,19.973,10.65
25.09,Morning,Weekend,2,Medium,Snow,73.5818,70.95
24.2,Afternoon,Weekday,1,Low,Snow,49.4676,103.17
9.49,Evening,Weekday,1,Medium,Clear,12.9998,32.82
22.26,Evening,Weekday,2,Medium,Clear,46.7471,105.77
,Evening,,,Low,Clear,45.8975,7.19
31.18,Afternoon,Weekday,1,Medium,Clear,58.5727,89.23
32.12,Afternoon,Weekday,4,High,Rain,86.8977,112.31
3.22,Afternoon,Weekday,1,Medium,Clear,32.1514,80.58
19.36,Night,Weekday,1,Medium,Rain,38.3875,55.49
31.67,Morning,Weekday,1,Low,Clear,23.9563,10.16
25.65,Evening,Weekday,2,Medium,Snow,48.4142,110.81
42.97,Afternoon,Weekend,4,Low,Clear,108.9734,59.08
33.28,,Weekday,1,Medium,Rain,69.9494,8.33
8.98,Evening,,2,High,Clear,38.1392,84.33
4.46,Afternoon,Weekend,3,Medium,Clear,23.7068,60.41
32.48,Evening,Weekday,3,Low,Clear,41.6562,19.3
2.3,Night,Weekend,,Low,Clear,13.4484,29.64
,Afternoon,Weekday,3,Medium,Rain,31.4168,12.42
47.07,Morning,Weekday,4,Medium,Rain,100.2662,71.04
29.2,Afternoon,Weekday,3,High,Rain,59.8754,76.53
20.02,Night,Weekday,3,High,Clear,23.1614,63.16
32.52,Morning,Weekday,4,Medium,Rain,81.8518,98.97
23.45,Afternoon,Weekday,1,,Clear,57.915,104.02
27.74,Afternoon,Weekday,1,Low,Clear,46.9988,75.8
47.13,Evening,Weekday,4,Low,Clear,66.9071,6.47
19.92,Morning,Weekday,4,Low,Clear,64.0787,84.95
,Evening,Weekday,4,Medium,Clear,66.1816,
45.36,Night,Weekday,3,Medium,Clear,54.4368,70.04
10.59,Morning,Weekday,4,Medium,Clear,38.0619,79.64
4.4,Morning,Weekend,2,Low,Rain,16.834,45.28
5.94,Night,Weekday,3,Low,Clear,58.6618,110.47
1.89,Morning,Weekend,1,Low,Clear,6.1269,20.41
5.63,Evening,Weekday,1,Low,Clear,51.3965,82.22
34.47,Afternoon,Weekday,1,High,Clear,41.8347,5.5
4.49,Morning,Weekday,3,Low,Clear,45.7545,111.33
16.63,Evening,,2,Medium,Clear,27.6353,17.94
42.4,Afternoon,,4,Low,,43.8236,15.91
2.14,Afternoon,Weekend,4,High,Clear,16.5256,43.3
40.91,Afternoon,,1,Medium,Clear,88.1071,47.96
14.81,Afternoon,Weekend,1,Low,Rain,20.3458,29.64
6.79,Morning,Weekend,3,Medium,Clear,22.4883,72.29
35.14,Afternoon,Weekend,2,Medium,Clear,48.0066,55.94
31.82,,Weekend,4,High,Rain,37.1212,8.93
44,Morning,Weekday,3,Low,Clear,76.9996,41.76
37.02,Afternoon,Weekday,4,High,,87.8962,
40.37,Afternoon,Weekday,1,High,Rain,116.4206,84.32
14.82,Evening,Weekday,4,High,Clear,31.609,88.36
9.69,Morning,Weekday,2,Medium,Clear,37.0004,85.28
37.78,Night,Weekend,2,Medium,Clear,40.9764,40.76
40.53,Afternoon,Weekday,1,Medium,Clear,58.6974,16.46
49.53,Morning,Weekday,2,Medium,Clear,68.9135,36.33
21.22,Morning,Weekday,2,Medium,Clear,73.215,100.66
19.23,Morning,Weekday,3,Medium,Clear,89.472,117.75
39.04,Afternoon,Weekday,4,Medium,Clear,62.0444,61.79
17.7,Afternoon,Weekend,1,Medium,Clear,27.174,6.12
46.61,Evening,Weekday,1,High,Clear,97.7908,21.11
43.06,Afternoon,,1,Low,Clear,94.3478,42.04
22.02,Morning,Weekday,1,High,Clear,,71.54
37.79,Afternoon,,1,Medium,Clear,44.6222,13.64
37.97,Evening,Weekday,2,High,Rain,97.5766,113.49
6.05,Morning,Weekday,3,Medium,Clear,24.4754,46.98
,Morning,,1,Low,Clear,60.7045,109.95
25.76,Morning,Weekday,3,High,Clear,36.7152,94.76
41.5,Evening,Weekday,3,Low,Clear,102.7246,91.88
,Afternoon,Weekday,2,High,Rain,26.1176,74.77
44.88,Afternoon,Weekday,1,Medium,Clear,68.4404,77.08
20.07,Evening,Weekday,2,Medium,Snow,32.155,78.37
1.53,Evening,Weekday,1,Low,Clear,,77.3
45.36,Afternoon,Weekend,,Medium,Rain,101.2576,68.68
5.47,,Weekday,3,Low,Clear,44.6954,118.44
104.3717909,,Weekday,1,Low,Rain,206.508652,89.21
47.55,Morning,Weekday,4,Low,Clear,123.928,94.35
47.58,Morning,Weekday,3,Low,Clear,74.8463,105.33
29.1,Morning,Weekday,4,High,Clear,30.698,29.8
31.96,Afternoon,Weekday,3,High,Clear,35.0564,14.64
22.97,Night,Weekend,2,Low,Rain,31.8132,60.53
15.37,Morning,Weekday,1,,Clear,45.1203,64.12
,Morning,Weekday,3,Low,Clear,51.031,100.36
33.95,Afternoon,Weekday,2,Medium,Rain,59.475,
37.87,Night,Weekday,1,High,Clear,64.5434,70.65
39.79,Afternoon,Weekday,1,High,Snow,101.5506,
39.69,Afternoon,Weekday,3,Medium,Rain,31.0915,
5.47,Morning,Weekend,1,Medium,Clear,19.8829,75.75
25.23,Morning,Weekday,3,Low,Rain,51.0291,100.22
,Night,Weekday,1,High,Clear,19.2572,23.11
27.93,Night,Weekend,4,Low,Clear,34.4608,73.35
22.63,Morning,Weekday,2,Medium,Clear,,73.27
44.5,Night,Weekend,4,Medium,Clear,80.181,23.88
,Afternoon,Weekday,,Medium,Rain,39.9065,19.2
6.74,Evening,Weekend,4,Low,Rain,34.5311,117.71
8.01,Afternoon,Weekday,3,High,Clear,31.7102,50.28
38.31,Afternoon,Weekend,1,Low,Clear,40.2799,31.15
31.29,Afternoon,Weekend,1,Medium,Snow,46.8086,24.7
5.96,Afternoon,Weekday,,Low,Clear,27.8795,81.77
5.12,Morning,Weekend,4,Low,Clear,28.7693,75.09
35.35,Morning,Weekday,1,Medium,Clear,58.825,79.01
4.57,,Weekday,2,Medium,Rain,13.0646,15.12
41.27,Evening,Weekday,1,Low,Clear,106.2963,107.76
,Morning,Weekday,2,Low,Rain,59.1773,49.77
,Afternoon,Weekday,4,Medium,,19.5819,41.04
5.16,Night,Weekday,2,Medium,Clear,26.6477,58.17
49.35,Morning,Weekday,2,,Clear,109.4796,49.86
19.34,Afternoon,Weekend,2,Low,,79.246,104.31
19.16,Afternoon,Weekend,2,Low,Clear,34.5791,111.87
40.83,Evening,Weekday,1,Low,Rain,69.9955,39.9
47.42,Morning,Weekday,2,Low,Rain,97.4848,104.35
,Afternoon,Weekday,1,Medium,Clear,70.745,94.88
37.92,Evening,Weekday,2,Medium,Rain,77.5684,112.04
19.44,Night,Weekday,,Low,,55.053,33.26
5.09,Afternoon,Weekday,4,Low,,,71.35
39.08,Afternoon,Weekday,,Low,Clear,83.694,36.57
28.36,,Weekend,3,High,Clear,49.7657,99.77
21.79,Evening,Weekday,2,High,Clear,31.7717,5.61
45.41,Afternoon,Weekday,2,Low,Clear,35.4031,69.95
6.45,Morning,Weekday,2,Low,Clear,33.5331,44.01
25.14,Night,Weekday,3,High,Rain,43.0697,42.11
1.56,Afternoon,Weekday,4,High,Clear,34.2628,79.16
23.96,Afternoon,Weekday,3,,Clear,83.7848,102.92
3.76,Morning,Weekday,4,,Clear,22.1476,75.06
6.82,Afternoon,Weekday,2,Low,,29.9658,103.11
6.76,Afternoon,Weekend,,Medium,Clear,27.9315,35.43
32.81,Afternoon,Weekend,,Low,Clear,55.8212,64.74
37.56,Morning,Weekday,4,Low,,84.2323,56.81
29.59,Afternoon,Weekday,3,Medium,Rain,49.36,6.34
48.15,Night,Weekday,2,Low,Clear,72.6627,69.03
19.37,Morning,Weekday,3,Medium,Clear,26.9741,81.08
15,Night,Weekday,3,Low,Snow,46.4647,73.07
43.56,Afternoon,Weekday,3,Low,Rain,57.4261,89.67
11.96,Evening,Weekday,2,Medium,Snow,41.7194,70.7
48.2,,Weekday,3,Low,Clear,68.6348,12.68
,Afternoon,Weekday,3,High,Clear,14.6611,18.39
48.52,Evening,Weekend,2,Medium,,96.2845,73.59
3.11,Evening,Weekend,3,Low,Clear,12.1141,36.62
44.67,Afternoon,Weekend,2,Medium,Rain,61.094,14.16
26.86,Afternoon,Weekday,4,Low,Clear,55.1892,54.4
49.66,Afternoon,Weekend,4,High,Clear,72.969,68.75
,Evening,Weekday,,Low,Clear,29.7551,42.81
28.14,Evening,Weekend,3,Medium,Clear,86.5536,87.85
48.5,Evening,Weekday,1,Low,Clear,114.9417,79.03
26.63,Afternoon,Weekend,1,Medium,Clear,35.0854,43.27
31.84,Evening,Weekday,3,High,Snow,45.6194,91.81
107.786832,Morning,Weekend,1,High,Clear,322.7259961,79.6
23.27,Afternoon,Weekend,2,Low,Clear,78.8508,78.31
31.75,Morning,Weekday,1,,Rain,70.7341,68.64
29.63,Afternoon,Weekday,3,High,Clear,56.3456,6.31
45.16,Afternoon,Weekend,3,High,Clear,79.833,85.1
3.23,Afternoon,Weekday,2,Low,Rain,27.1606,48.24
14.77,Afternoon,Weekend,4,Medium,Clear,54.4237,113.4
47.57,Afternoon,Weekday,,Low,Rain,80.8112,99.07
44.62,,Weekday,2,High,Rain,60.9462,72.58
23.33,Morning,Weekday,1,Low,Snow,59.0736,34
31.39,Afternoon,Weekday,1,Low,Clear,36.0271,28.43
14.59,Morning,Weekend,2,Medium,Clear,25.1968,44.14
10.22,Morning,Weekday,2,,Clear,23.6949,59.81
23.72,Afternoon,Weekday,3,Medium,Clear,52.9083,39.05
18.31,Afternoon,Weekday,1,Medium,Rain,42.6209,64.22
29.6,Afternoon,Weekday,2,Low,Clear,52.2336,24.02
4.81,Afternoon,Weekend,1,Low,Clear,46.1779,117.44
48.75,Afternoon,Weekend,2,Medium,Rain,61.1936,17.41
49.32,Evening,Weekday,1,Low,Clear,88.6814,112.17
35.21,Afternoon,Weekend,4,Medium,Clear,66.581,110.06
27.27,Afternoon,Weekend,3,High,Clear,47.996,65.42
16.17,,Weekday,1,Medium,Rain,45.2879,
40.88,Afternoon,Weekend,4,Low,Clear,97.2125,55.15
34.55,Afternoon,Weekday,1,Low,Rain,63.615,
8.97,Afternoon,Weekday,1,Low,Clear,25.5304,44.17
45.64,Afternoon,Weekend,4,,Rain,78.744,39.63
41.3,Afternoon,Weekday,1,Medium,Rain,37.17,71.5
47.54,Afternoon,Weekend,1,Medium,Clear,68.4308,
36.56,Evening,Weekend,3,Low,Clear,40.9716,
31.06,Evening,Weekday,4,Low,Clear,48.4496,37.97
21.49,Evening,Weekend,4,Low,Rain,54.4139,47.2
46.7,Night,Weekday,2,Medium,Clear,53.0315,14.65
43.44,Morning,Weekday,1,Low,Clear,39.9195,11.01
3.22,Morning,Weekday,3,,Clear,20.0527,34.15
2.29,Morning,Weekend,1,Low,Clear,13.9334,13.54
19.45,Afternoon,Weekday,1,High,Clear,24.0367,16.93
40.72,Evening,Weekday,2,High,Clear,63.3579,98.49
49.38,Morning,Weekday,1,Low,Clear,57.153,9.47
8.37,Night,Weekend,3,Low,Rain,52.9882,80.78
30.11,Morning,Weekday,3,Medium,Clear,54.1983,36.34
19.66,Night,Weekday,2,Low,Clear,84.873,105.23
48.53,Afternoon,Weekday,1,Medium,Snow,124.2416,60.77
42.26,Morning,Weekday,3,High,Rain,84.1558,40.14
42.08,Afternoon,Weekend,1,Medium,Rain,73.8635,64.53
23.97,Morning,Weekday,1,High,Clear,45.2346,48.93
21.33,Morning,Weekday,1,Low,Clear,46.6175,69.89
14.4,Afternoon,Weekend,2,Low,Clear,34.3543,18.17
3.76,Evening,Weekday,,Medium,Rain,45.3123,119.65
43.37,Afternoon,Weekend,3,Low,Clear,56.6149,53.94
40.83,Afternoon,Weekday,1,Medium,Clear,75.927,45.05
49.99,Afternoon,Weekend,3,Low,Clear,80.7619,86.67
139.4765146,Evening,Weekday,1,Low,Clear,296.0886973,46.85
28.22,Morning,Weekday,3,High,Clear,55.7598,100.83
38.68,Afternoon,Weekend,,Low,Clear,73.2164,57.24
47.29,Morning,Weekend,1,High,Clear,97.7525,87.75
42.63,Morning,Weekend,1,High,Clear,46.1526,17.36
13.12,Afternoon,Weekday,3,Medium,Snow,64.9824,102.3
23.08,Morning,Weekend,4,Medium,Rain,54.1212,89.61
7.33,Afternoon,Weekend,2,Medium,Rain,29.9765,29.35
47.75,Evening,Weekday,4,High,Rain,94.6379,
30.7,Morning,Weekend,4,Low,Clear,44.5307,41.37
12.2,Afternoon,Weekend,1,Medium,Clear,35.284,117.25
33.91,Morning,Weekday,2,Medium,Clear,40.3595,34.54
31.29,Night,Weekday,,Medium,Clear,79.637,57.45
18.55,Afternoon,Weekday,1,Medium,Clear,25.3115,
6.56,Evening,Weekday,4,Low,Clear,32.0088,50.68
33.91,Afternoon,Weekday,4,Medium,Clear,29.2693,
26.5,Morning,Weekday,1,High,Clear,77.4795,114.61
38.84,Afternoon,Weekday,1,Low,Clear,62.8904,64.42
26.49,Night,Weekday,1,High,Clear,66.6318,99.2
42.76,Afternoon,Weekday,2,Medium,Rain,71.5568,67.92
28.04,Evening,Weekend,4,High,Clear,61.2568,9.69
28.49,Evening,Weekend,,Medium,Clear,53.8901,41.23
43.96,Morning,Weekday,3,Medium,,88.9502,71.19
20.77,Morning,Weekend,4,Low,Clear,47.3268,
7.57,Afternoon,Weekday,3,High,Clear,40.163,103.8
2.41,,Weekday,2,Low,Clear,11.5061,31.26
38,Evening,Weekday,,High,Clear,83.6299,30.31
31.4,Night,Weekday,3,,Clear,72.2196,28.13
35.5,Afternoon,Weekend,2,Low,Rain,109.8965,111.09
11.44,Morning,Weekend,1,Low,Rain,38.2552,103.06
7.68,Evening,Weekday,3,Medium,Clear,60.3264,94.11
1.71,Morning,Weekday,3,,Clear,15.1029,50.16
18.18,Evening,Weekday,2,High,Rain,46.316,63
29.91,Afternoon,,1,Low,Clear,52.678,58.4
20.22,Afternoon,Weekday,1,Low,Clear,24.4816,34.14
22.44,Morning,Weekday,3,High,,45.5584,63.08
45.3,Afternoon,Weekend,3,Medium,Rain,37.7718,8.51
18.06,Afternoon,Weekend,3,High,Clear,23.279,20.16
26.19,Afternoon,Weekday,1,Low,,61.2287,106.96
39.4,,Weekend,2,Medium,Rain,72.9188,91.44
20.43,Evening,Weekday,2,Medium,Clear,52.6406,53.63
31.48,Evening,Weekday,1,Medium,,46.4367,64.47
43.26,Morning,Weekday,4,Medium,Snow,77.8741,47.55
47.53,Morning,Weekday,2,Medium,,56.7461,90.19
8.21,Morning,Weekend,3,Medium,Clear,46.4968,95.18
46.4,Afternoon,Weekday,4,Low,Clear,101.9914,92.78
25.11,Afternoon,Weekday,4,Medium,Clear,59.3324,88.1
13.65,Afternoon,Weekday,2,Low,Clear,,
23.5,Morning,Weekday,4,Medium,Clear,36.9301,43.87
49.02,Afternoon,Weekend,4,Low,Clear,95.2278,59.03
25.14,Afternoon,Weekday,2,Medium,Rain,40.2186,43.04
17.11,Afternoon,Weekday,,Medium,,36.6701,91.82
,Night,Weekday,4,Low,Clear,65.6944,42.88
12.77,Morning,Weekday,3,Low,Clear,17.6621,20.9
4.72,,Weekday,1,Low,Rain,35.6928,50.89
7.32,Afternoon,Weekday,4,Medium,Clear,58.9867,117.69
122.820191,Afternoon,Weekday,,High,Clear,247.5983179,30.98
8.44,Evening,Weekend,3,Low,Clear,41.3072,75.4
7.8,Afternoon,Weekend,,Medium,Clear,32.9075,
32.4,Night,Weekend,4,Low,Clear,68.9296,13.17
9.91,Morning,Weekday,1,Medium,Rain,38.3486,61.11
17.94,Morning,Weekday,1,High,Clear,58.0861,85.75
44.94,Evening,Weekday,1,Low,Clear,69.1938,64.02
24.22,Afternoon,Weekend,2,Medium,Clear,86.3292,
33.71,Morning,Weekday,2,Low,Rain,66.1224,38.23
9.44,Morning,Weekday,1,Low,Clear,12.6264,14.92
10.42,Morning,Weekday,1,Low,Clear,43.0058,112.71
3,Evening,Weekday,2,Low,Clear,26.1117,48.49
9.28,Morning,Weekday,3,Medium,Clear,38.4475,71.29
14.65,Afternoon,Weekday,4,Medium,Clear,63.93,96.08
9.67,Morning,Weekend,4,Medium,Clear,32.7178,42.3
5.35,,Weekday,1,Low,Clear,22.8002,87.36
6.91,Morning,Weekday,3,Low,Clear,17.1693,20.57
23.58,Afternoon,Weekday,2,Medium,Clear,29.778,38.5
11.11,Morning,Weekday,1,,,13.3746,21.64
18.85,,Weekday,3,Low,Clear,48.1365,98.29
25.67,Morning,Weekend,3,High,,61.5494,30.6
34.83,Afternoon,Weekday,3,Medium,Snow,79.7146,87.5
2.93,Evening,Weekend,2,Medium,Snow,43.6034,113.48
40.17,Afternoon,Weekday,2,Medium,Rain,93.1014,65.69
31.77,Afternoon,Weekday,4,Low,Clear,72.9137,67.1
5.01,Afternoon,Weekend,4,Low,Rain,29.0553,58.02
43.81,Afternoon,Weekday,3,Medium,Clear,69.9316,42.48
46.12,Afternoon,Weekday,3,Low,Clear,102.4302,59.7
138.7638872,Night,Weekday,2,High,Clear,332.0436887,74.32
14.57,Afternoon,Weekday,4,Medium,Clear,37.39,118.39
40.5,Afternoon,Weekend,3,Low,Rain,84.3528,112.84
37.66,Evening,Weekday,4,Medium,Clear,87.5241,104.15
10.04,Afternoon,Weekend,,Low,Clear,44.4294,107.25
11.26,Morning,Weekend,3,Medium,Rain,30.5768,58.8
19.15,Afternoon,Weekday,2,Medium,Clear,38.9965,80.61
24.74,Night,Weekend,3,High,Clear,88.8816,107.93
31.29,Morning,Weekday,3,Medium,Rain,,50.19
19.08,Afternoon,Weekend,4,Medium,Clear,39.1976,115.6
23.66,Morning,Weekday,3,Medium,Clear,25.8856,52.82
37.63,Afternoon,Weekday,2,High,Clear,72.356,74.12
2.8,Morning,Weekday,3,Low,Clear,44.2055,86.63
13.37,Afternoon,Weekday,2,Low,Rain,50.2412,114.32
35.95,Evening,Weekday,2,Low,Clear,49.7873,33.13
44.87,Afternoon,,4,Low,Clear,,90.81
26.07,Afternoon,Weekday,1,Medium,Clear,,64.89
27.07,Evening,Weekday,1,Medium,Clear,31.2318,35.88
6.25,Night,Weekend,4,Medium,Snow,44.6322,94.31
22.92,Morning,Weekday,3,,Clear,48.1175,68.51
27.1,Afternoon,,4,Medium,Clear,73.0726,81.01
12.88,Morning,Weekend,2,Low,Clear,43.9909,42.13
14.19,Night,Weekend,1,Medium,Clear,44.507,
19.49,Night,Weekend,4,Medium,Rain,34.5781,76
1.98,Afternoon,Weekday,3,Low,Clear,,51.56
,Evening,Weekday,4,Low,Clear,25.3938,27.81
11.36,Afternoon,Weekend,1,Low,Clear,62.8,115.59
17.05,Afternoon,Weekday,4,High,Rain,,63.82
6.87,Morning,,4,High,Clear,60.315,89.4
44.64,Evening,Weekday,1,Medium,Rain,78.7809,52.27
30.09,Morning,Weekend,,Low,Clear,62.6715,45.84
,Evening,Weekday,2,Medium,Rain,56.2678,51.82
39.67,Evening,Weekday,1,Medium,Clear,61.871,52.06
25.42,Evening,Weekday,4,Medium,Clear,54.7066,67.58
5.26,Morning,Weekday,1,Low,Clear,33.344,67.5
27.32,Afternoon,,2,Low,Clear,48.3843,62.17
29.76,Morning,Weekday,3,Medium,Rain,62.7544,20.5
37.53,Afternoon,Weekday,4,Low,Rain,101.0292,62.05
22.15,Morning,Weekend,2,Low,Clear,32.9855,24.45
7.25,Night,Weekday,,Low,Clear,17.9592,19.51
14.91,Afternoon,Weekend,1,Medium,Clear,65.9698,112.25
18.79,Afternoon,Weekend,3,High,Rain,45.1726,74.57
32.65,Afternoon,Weekday,1,High,Clear,,80.84
28.97,Afternoon,Weekday,3,Medium,Clear,65.195,51.21
18.45,Afternoon,Weekday,4,Medium,Clear,85.4652,109.53
49.34,Afternoon,Weekend,4,Low,Clear,69.9148,78.36
30.68,Night,Weekday,1,Medium,Clear,72.1607,93.45
12.62,Afternoon,Weekday,3,,Clear,36.4212,47.38
5.99,Night,Weekday,3,Medium,Clear,41.0143,115.4
8.49,Evening,Weekday,,Low,Snow,33.2317,99.35
13.05,Morning,Weekday,1,Low,Clear,38.9635,103.2
8.87,Night,Weekday,3,Low,Clear,24.6913,24.8
10.14,Morning,Weekend,4,Low,Clear,,36.16
14.97,Evening,Weekday,2,,Rain,22.1172,37.85
9.5,Afternoon,Weekday,1,Low,Clear,29.2945,36.15
44.94,Evening,,2,High,Clear,129.5356,103.37
4.93,Evening,Weekend,1,Medium,Clear,9.9494,8.67
26.7,Evening,Weekday,4,Medium,Clear,50.789,13.75
21.11,Evening,Weekend,3,High,Clear,30.4015,36.5
49.14,Afternoon,Weekday,3,High,Rain,69.1972,27.99
6.49,Morning,Weekday,3,Medium,,,31.66
20.49,Afternoon,Weekday,1,High,Clear,74.2598,96.76
48.5,Morning,Weekday,4,Low,Clear,50.7312,
43.41,Afternoon,Weekday,2,Low,Rain,58.0149,5.66
41.04,Afternoon,Weekday,,Medium,Clear,44.101,54.37
13.64,Night,Weekend,2,Medium,Rain,26.076,51.91
9.37,Afternoon,Weekday,1,Medium,Clear,20.3509,18.1
33.76,Evening,Weekday,1,Low,Rain,102.3316,82.76
46.54,Morning,Weekday,2,Low,Rain,60.0264,85.74
28.28,Evening,Weekday,2,Medium,Rain,71.6404,87.9
29.01,,Weekday,2,Low,Clear,62.4379,88.77
14.72,Afternoon,Weekday,4,Medium,Clear,20.9951,5.01
38.71,Afternoon,Weekday,2,Medium,Rain,86.3545,114.7
10.17,Evening,Weekday,1,Medium,Clear,41.4372,98.63
16.86,Morning,Weekday,1,Medium,Clear,75.7144,108.96
21.85,Afternoon,Weekday,3,High,Rain,32.5735,6.8
25.87,Afternoon,Weekday,2,,Rain,62.7959,112.39
12.88,Morning,Weekday,4,Medium,Rain,32.2622,98.13
6.63,Afternoon,Weekend,4,Medium,Clear,40.8036,101.28
30.92,Morning,Weekday,4,Low,Rain,46.5931,15.73
15.14,Morning,Weekday,3,Low,Rain,46.6132,89.96
29.48,Morning,Weekday,,Low,Clear,78.5578,115.39
8.56,Night,Weekend,4,Medium,Clear,46.2939,83.03
24.58,Afternoon,Weekend,1,Medium,Clear,58.5929,70.61
27.1,,Weekday,3,High,Clear,53.04,113.75
3.54,Afternoon,Weekend,2,Low,Snow,20.2324,55.94
17.49,Afternoon,Weekday,2,Low,Clear,61.8896,73.92
7.59,Afternoon,Weekday,2,High,,23.9803,59.78
4.11,Afternoon,Weekend,4,Low,Snow,51.6226,112.28
49.51,Morning,Weekend,2,Medium,Clear,46.2078,13.75
16.8,Afternoon,Weekday,4,Medium,Rain,26.9585,62.63
40.68,Morning,Weekday,3,,Clear,58.2448,84
13.48,Afternoon,Weekday,3,Low,Rain,38.769,96.07
34.39,,Weekday,4,Low,Clear,71.7971,72.05
38.25,Morning,,1,Low,Rain,67.2451,109.53
30.19,Morning,Weekday,2,Medium,,70.6464,113.33
24.11,Evening,,2,Medium,Clear,26.263,12.4
21.18,Afternoon,Weekday,2,Low,Rain,46.1432,51.27
18.09,Morning,Weekday,4,Medium,Clear,19.2698,7.7
46.55,Night,Weekday,3,High,Clear,83.375,42.88
41.7,,Weekday,2,Low,Clear,80.7792,66.74
48.29,Afternoon,Weekend,3,Medium,Rain,104.1555,109.74
7.09,Night,Weekend,2,,Clear,39.1789,102.35
36.81,Morning,Weekday,2,Low,Clear,78.9521,19.66
46.98,Morning,Weekend,4,Low,Clear,101.6666,15.7
9.88,Morning,Weekend,1,Medium,Clear,25.8142,72.77
4.26,Afternoon,Weekend,4,,Clear,14.8186,66.19
37.31,Morning,Weekday,2,High,Clear,54.9343,35.63
29.15,Afternoon,Weekday,2,Medium,Clear,81.9816,108.44
,Morning,Weekday,1,Medium,Clear,122.418,111.65
7.85,Afternoon,,3,Low,Clear,28.7235,51.3
39.97,Night,Weekday,3,Medium,Rain,47.8469,107.38
10.88,Evening,Weekday,2,Medium,Clear,41.9406,
9.02,Afternoon,Weekday,3,Low,Clear,,89.73
9.05,Afternoon,Weekend,2,Medium,Clear,19.1069,59.73
40.91,Afternoon,Weekday,1,Medium,Clear,57.5336,19.1
33.59,Afternoon,Weekday,1,Low,Rain,69.7245,111.71
26.63,Afternoon,Weekend,2,High,Clear,57.1264,57.22
,Morning,Weekend,1,Low,Clear,34.4316,89.47
43.98,Evening,Weekend,4,Low,Clear,72.8562,47.22
20.23,Afternoon,Weekend,,Low,Clear,35.3812,7.17
41.01,Morning,,1,Medium,Clear,84.7232,16.56
22.52,Afternoon,Weekend,2,Medium,Clear,,62.07
19.47,,Weekday,2,Low,Clear,40.5665,84.35
23.67,Evening,Weekday,1,Medium,Snow,62.2353,43.49
15.77,Evening,Weekday,3,Low,Clear,63.0548,
37.63,Evening,Weekday,4,Medium,Clear,38.6058,85.34
25.63,Morning,Weekday,3,Medium,Rain,59.886,85.95
12.38,Afternoon,Weekday,2,Medium,Rain,29.9606,61.64
45.08,Afternoon,Weekend,2,High,Clear,70.2933,110.21
19.81,Morning,Weekday,3,Low,Rain,43.8544,61.26
101.0397035,,Weekday,1,Low,Rain,283.6452006,56.78
45.42,Evening,Weekend,3,Medium,Clear,50.8979,27.93
31.59,Morning,,3,High,,73.5544,40.38
6.73,Afternoon,Weekday,4,Low,Clear,20.0083,9.87
47.05,Morning,Weekday,4,Low,Snow,128.6549,77.86
31.76,Morning,Weekday,3,Low,Clear,34.952,33.58
17.41,Morning,Weekday,,Medium,Clear,,39.98
7.82,Night,Weekend,2,Low,Rain,36.1464,93.64
39.91,Evening,Weekday,4,Medium,Clear,75.4875,42.63
31.38,Night,Weekday,4,High,Clear,28.6304,32.85
27.14,Afternoon,Weekend,2,Medium,Clear,31.4354,24.44
44.8,Morning,Weekend,1,Low,Clear,108.2325,94.11
39.64,Afternoon,Weekday,4,Medium,Rain,57.3952,19.92
8.43,Afternoon,Weekday,4,Low,Clear,,57.18
16.27,Evening,Weekday,1,High,Rain,28.1643,
13.18,Morning,Weekday,4,Medium,Clear,55.86,84.05
37.45,Afternoon,Weekday,4,Low,Clear,32.2063,77.83
2.64,Morning,Weekday,1,Medium,Snow,51.2833,98.23
28.92,Afternoon,Weekend,1,Medium,Clear,22.5469,10.15
38.36,Evening,Weekday,3,Medium,Clear,49.3168,39.09
43.96,,Weekday,2,Low,Clear,59.0718,37.22
17.76,Afternoon,Weekday,2,,Rain,32.1634,21.79
41.24,Afternoon,Weekday,1,High,Clear,60.926,38.26
,Afternoon,Weekday,1,Medium,Clear,19.0904,
42.48,Evening,Weekday,4,High,Clear,96.7288,65.02
7.25,,Weekend,3,Low,Clear,23.3579,81.33
20.47,Night,Weekday,3,Medium,Rain,31.306,48.83
,Evening,Weekday,1,Medium,Clear,77.0499,87.74
8.35,Afternoon,Weekday,4,Medium,Clear,36.5375,43.66
12.23,Afternoon,Weekday,4,Medium,Clear,25.9025,38.38
36.39,Afternoon,Weekday,2,Low,,44.5344,67.24
36.28,,Weekday,2,Low,Rain,66.039,7.73
32.42,Evening,Weekday,4,Low,Clear,49.852,14.18
35,Morning,Weekday,2,Low,Snow,64.2861,53.07
27.59,Night,Weekend,1,Medium,Clear,75.2729,113.43
13.34,Afternoon,Weekend,4,Low,,53.3479,87.97
17.94,Afternoon,,2,Low,Rain,33.2741,15.13
9.9,Afternoon,Weekend,3,Medium,Clear,45.4312,102.33
45.51,Evening,Weekday,4,Medium,Rain,100.305,89.21
29.59,Afternoon,Weekend,4,High,Snow,64.7316,75.26
20.64,Afternoon,,3,Medium,,33.4215,99.33
23.64,Morning,Weekend,1,Low,Clear,,51.47
47.42,Afternoon,Weekend,3,High,Rain,95.9602,30.47
8.51,Morning,,4,Medium,Clear,47.177,63.88
29.73,Evening,Weekend,1,Low,Clear,47.4882,68.12
25.79,Afternoon,Weekday,2,Medium,Clear,30.5797,66.91
30.96,Afternoon,Weekday,2,High,Clear,53.9468,69.98
1.89,Morning,Weekday,2,Low,,52.7796,114.1
43.73,Morning,Weekday,4,Low,Clear,138.6425,108.76
,Evening,Weekday,,,Clear,74.5843,105.71
108.1469938,Morning,Weekday,1,Low,Clear,239.1714073,97.16
35.14,Morning,Weekend,2,Medium,Clear,53.5509,113.49
46.2,Morning,,1,Medium,Clear,77.4039,16.33
35.65,Night,Weekend,4,Low,Rain,43.8543,35.49
8.47,Evening,Weekend,2,High,Clear,25.4565,61.93
29.24,Afternoon,Weekend,4,Medium,Rain,68.9614,
30.73,Morning,Weekend,3,Medium,Rain,72.553,63.09
21.78,Afternoon,Weekday,4,,Clear,26.2692,91.02
37.09,Evening,Weekend,4,Low,Clear,76.4647,
46.78,Afternoon,Weekend,3,Medium,Clear,90.7801,34.03
46.35,Morning,Weekday,1,Medium,Clear,68.5285,89.15
23.09,Morning,Weekday,3,High,Rain,48.835,23.94
6.55,Morning,Weekend,3,Medium,Rain,21.6555,45.41
49.26,Afternoon,Weekday,4,Low,Clear,109.4304,35.46
42.11,Evening,Weekday,1,High,Clear,67.3902,45.23
7.11,Morning,Weekday,2,Low,Rain,20.2751,86.46
,Morning,Weekday,3,High,Snow,66.8568,
43.62,Morning,Weekday,,High,Clear,46.9056,68.86
26.42,Night,Weekend,3,Low,Clear,60.7394,16.49
29.97,Morning,Weekday,3,Medium,Clear,64.8642,97.58
20.55,Evening,Weekday,3,Low,Snow,53.16,47.54
3.68,Afternoon,Weekday,3,Medium,Clear,43.224,79.58
17.42,Afternoon,Weekday,4,Medium,Clear,62.0624,88.42
40.34,Morning,Weekend,1,Medium,Clear,43.3123,29.11
1.23,Morning,Weekday,1,,Clear,45.6902,106.74
,Afternoon,Weekday,1,Medium,Clear,38.4514,75.87
20.51,Evening,Weekday,3,Medium,Snow,50.0745,54.3
27.33,Afternoon,Weekday,4,High,Clear,22.0141,25.97
46.07,Afternoon,Weekend,3,High,Clear,87.7201,113.36
17.97,Morning,Weekend,3,Low,Clear,33.3599,91.83
18,Night,Weekday,1,,Clear,45.5132,28.92
37.14,Evening,Weekday,3,Low,Clear,52.0972,43.84
23.16,Morning,Weekday,2,High,Clear,62.1095,98.11
,Night,Weekday,3,Low,Clear,45.9582,85
23.17,Afternoon,Weekday,2,Low,Clear,78.1988,93.07
7.9,Afternoon,Weekday,3,Medium,Clear,42.1098,55.74
9.64,Evening,,4,Medium,Clear,39.4645,87.39
25.42,Evening,Weekday,4,Low,Snow,49.1871,49.45
126.5476283,Afternoon,Weekend,1,Low,,224.9146629,29.3
45.83,Morning,Weekend,3,Medium,Clear,65.9479,
18.76,Afternoon,Weekday,2,High,Clear,53.4536,117.24
29.45,Night,Weekend,,Low,Rain,,40.72
,Morning,Weekday,3,Low,Clear,68.2181,58.01
1.64,,Weekday,2,Medium,Rain,41.3681,82.51
33.51,Afternoon,Weekend,4,Low,Rain,61.9923,67.27
9.72,Afternoon,Weekend,2,High,Clear,36.2571,101.99
48.09,Afternoon,Weekend,1,High,Clear,90.4747,92.6
8.28,Night,Weekday,4,Medium,Snow,19.4986,11.7
,Morning,Weekday,4,Low,Clear,69.336,119.82
,Morning,Weekend,4,Medium,Clear,47.375,91.53
49.85,Morning,Weekday,3,Medium,Clear,76.737,104.35
25.61,Evening,,3,High,Clear,66.9097,79.89
30.17,Afternoon,Weekday,4,Medium,Clear,99.0039,103.47
4.29,Morning,,3,Medium,Rain,13.9727,17.92
37.75,Evening,Weekday,2,Medium,Snow,30.0888,44.99
11.29,Evening,Weekday,3,Medium,Clear,62.6572,105.79
45,Evening,Weekend,3,High,Clear,72.1308,28.19
11.05,Night,Weekday,4,Medium,Clear,15.5675,14
10.34,Morning,Weekday,1,Medium,Clear,43.8625,95.63
2.79,Evening,Weekday,1,Low,,30.371,101.08
24.13,Afternoon,Weekday,1,,Snow,57.0497,23.71
28.68,Evening,Weekday,2,Medium,Rain,40.174,103.25
4.22,Evening,Weekday,3,Low,Clear,25.095,83.98
39,Evening,Weekend,1,Low,Clear,90.8983,64.81
23.21,Afternoon,Weekday,4,Medium,Clear,45.8598,100.48
26.7,Morning,Weekend,1,Medium,Clear,47.8069,53.21
22.6,Afternoon,Weekday,1,Medium,Clear,51.0588,27.31
20.64,Night,Weekday,3,Low,Clear,40.2564,37.76
28.42,Night,Weekday,3,Medium,Snow,59.7421,63.09
8.61,Morning,Weekday,3,Low,Clear,32.2544,66.1
9.91,Morning,Weekend,2,Medium,Clear,57.0755,97.64
43.23,Morning,Weekday,2,Low,Rain,70.8329,96.01
47.36,Evening,Weekday,1,,Clear,102.885,71.86
19.29,Evening,Weekend,3,Low,Clear,48.2843,94.79
14.27,Morning,Weekend,1,Low,Clear,,27.05
,Afternoon,,4,Low,Clear,28.7716,10.76
21.03,Evening,Weekday,4,Low,,76.5803,105.47
2.24,Evening,Weekend,3,Medium,Clear,8.6709,13.69
8.65,Afternoon,Weekday,3,Medium,Rain,16.1592,33.37
36.08,Afternoon,Weekday,4,Low,Clear,65.2064,84.96
33.29,Afternoon,Weekday,3,High,Clear,50.9961,52.09
2.33,Morning,Weekday,2,Low,Rain,43.0228,105.78
11.88,Afternoon,Weekday,2,Medium,Clear,22.7573,39.27
12.32,Afternoon,Weekday,3,Low,Clear,19.9427,6.37
33.92,Evening,Weekend,4,Low,Clear,36.0978,39.58
1.97,Afternoon,Weekday,1,Medium,Clear,32.4282,71.48
6.1,Evening,Weekday,3,Medium,Clear,32.1352,48.23
40.2,Morning,Weekday,3,High,Clear,78.188,66.51
9.75,Afternoon,Weekend,1,Medium,Clear,45.2855,105.81
32.98,Morning,Weekday,3,High,Clear,78.6478,109.94
12.67,Morning,Weekday,1,Low,Snow,37.2489,35.59
5.87,Evening,Weekend,4,Low,Clear,28.0701,58.15
12.92,Night,Weekend,2,Low,Rain,,
36.39,Morning,Weekday,4,Low,Clear,94.5643,114.15
42.93,Afternoon,Weekday,2,Medium,Clear,43.1998,119.84
41.68,Evening,,1,Medium,Rain,,32.07
20.46,Morning,,,Low,Clear,65.232,88.6
33.74,Afternoon,Weekday,4,High,Rain,56.3682,48.47
11.04,Evening,Weekend,2,High,Clear,11.597,5.93
15.36,Afternoon,Weekday,1,Low,Clear,16.9168,6.06
44.92,Morning,Weekday,2,Low,Clear,101.8744,57.97
1.64,Afternoon,Weekday,3,Low,Clear,32.7396,61.16
5.19,Evening,Weekday,4,Low,Rain,12.7333,7.6
11.19,,Weekday,3,Low,Clear,35.964,84
2.3,Morning,Weekend,1,Medium,Snow,26.4327,38.81
9.89,Evening,Weekday,2,Low,Snow,38.9591,69.39
29.57,,Weekday,3,Low,Clear,50.1179,39.61
21.65,Evening,Weekday,3,High,Clear,31.6941,24.22
44.74,Morning,,,Medium,Rain,51.1318,51.82
41.05,Night,,2,High,Snow,67.736,31.71
17.75,Afternoon,Weekday,4,Low,Clear,51.03,66.5
13.71,Afternoon,Weekday,3,Low,Clear,22.3206,27.87
19.6,Morning,Weekday,3,Medium,Clear,48.1275,63.47
29.92,Afternoon,Weekday,1,Low,Clear,,23.1
14.14,Evening,Weekday,4,Low,Clear,59.8622,82.16
31.58,Night,Weekend,1,Medium,Rain,54.3684,91.7
21.06,Afternoon,Weekend,3,Medium,Clear,44.7904,17.7
28.05,Afternoon,Weekday,1,Medium,Clear,45.9215,58.8
22.37,Evening,Weekday,3,Medium,Clear,34.3764,13.15
15.43,Evening,Weekend,3,Medium,Clear,48.2267,73.79
47.47,Afternoon,Weekend,1,Low,,52.9872,35.41
38.42,Afternoon,Weekday,1,Low,Clear,54.7666,65.68
7.87,Afternoon,Weekday,2,Low,Clear,26.1975,64.51
43.55,Afternoon,Weekday,2,Low,,,111.3
24.88,Morning,Weekend,2,High,Clear,55.3432,68.14
44.83,Afternoon,Weekend,3,Medium,Snow,64.7223,72.04
40.19,Afternoon,Weekday,1,Medium,Clear,52.9218,51.19
21.84,Evening,Weekday,4,Low,Clear,46.639,114.14
2.1,Morning,Weekend,3,Low,Clear,25.4386,94.38
14.17,Afternoon,Weekend,4,Low,Snow,19.7235,37.82
27.54,Afternoon,Weekend,1,Low,Clear,80.7576,102.08
32.04,Afternoon,Weekend,3,Low,Clear,62.9006,54.73
13.64,Morning,Weekday,4,Medium,Rain,39.275,100.3
7.83,Afternoon,Weekday,4,Medium,Clear,29.3753,99.63
41.91,Afternoon,Weekday,2,Medium,Clear,63.7777,26.72
49.24,Afternoon,Weekday,2,Medium,Clear,54.6715,85.63
26.76,Afternoon,Weekday,2,High,Clear,42.398,38.42
9.41,,Weekend,3,Low,Clear,28.1281,39.21
14.34,Evening,Weekday,1,Low,Rain,38.035,
1.9,Morning,Weekend,1,Low,Clear,29.9812,88.44
45.8,Evening,Weekday,2,Medium,Rain,,31.43
6.77,Afternoon,Weekend,2,High,Clear,10.4444,5.1
,Morning,Weekday,2,Low,Rain,47.33,87.25
14.43,Morning,Weekday,4,High,Clear,29.0627,24.69
28.15,Afternoon,Weekday,2,High,Clear,22.2951,17.02
32.92,Evening,Weekday,4,Low,Clear,38.8456,32.31
,Evening,Weekend,1,Low,Snow,76.4865,48.69
11.11,Evening,Weekend,3,Medium,Clear,25.1652,59.73
1.54,Afternoon,Weekday,3,High,Clear,9.8718,10.13
7.71,Afternoon,Weekday,3,Low,Clear,53.726,116.62
45.1,Morning,Weekday,3,Medium,Clear,81.572,87.35
43.82,Afternoon,Weekday,4,Low,Clear,73.3691,42.17
30.27,Afternoon,Weekend,4,Medium,Clear,41.0174,41.65
30.43,Morning,Weekend,2,Medium,Clear,65.0136,56.58
33.59,Morning,Weekday,4,Medium,Clear,55.5074,77.02
9.59,Afternoon,Weekend,2,High,Clear,20.2164,21.83
45.81,Evening,Weekday,2,High,Clear,75.0365,26.73
21.52,Night,Weekend,3,High,Rain,93.5096,103.83
19.77,Night,Weekday,4,Low,Clear,47.6252,34.47
26.43,Afternoon,Weekend,4,Medium,Clear,58.6555,48.72
3.3,Afternoon,Weekend,2,Low,Clear,33.183,105.2
9.15,Afternoon,Weekday,2,Medium,Snow,48.8108,81.26
37.16,Evening,Weekend,1,Medium,Snow,46.3014,44.3
5.06,Morning,Weekday,1,Medium,,49.1156,83.63
,Afternoon,Weekday,2,Medium,Clear,39.4771,7.26
13.02,Evening,Weekday,1,High,Clear,48.0134,89.6
20.08,Afternoon,Weekend,1,Low,Clear,49.5082,
15.15,Afternoon,Weekend,2,,Clear,69.749,98.52
18.43,Afternoon,Weekend,2,Low,Clear,45.0304,114.78
36.23,Morning,Weekend,4,,Rain,97.1094,
15.56,Afternoon,Weekday,2,,Rain,59.2055,109.57
28.75,Afternoon,Weekend,2,High,Rain,59.683,63.9
24.33,Morning,Weekday,3,High,Clear,33.7362,46.42
,Morning,Weekday,4,High,Clear,73.0708,58.48
46.9,Evening,Weekday,4,High,Clear,48.4454,84.34
36.9,Morning,Weekend,4,Low,Clear,100.5938,106.66
11.53,Afternoon,Weekend,3,Low,Rain,24.4491,
2.53,Morning,Weekday,2,Medium,Clear,56.6885,110.59
13.85,Night,Weekday,4,Medium,Clear,59.6075,98.75
30.16,Morning,Weekend,4,Medium,Clear,,117.57
3.52,Afternoon,Weekday,,Low,Clear,42.4232,106.23
25.32,Evening,Weekend,4,Medium,Rain,62.7976,37.19
30.25,Evening,Weekend,2,Medium,Clear,46.0189,17.18
17.38,Morning,Weekday,2,Low,Rain,23.1248,17.91
38.77,Evening,Weekday,1,Medium,Clear,38.6747,38.49
6.22,Afternoon,Weekend,4,Medium,Clear,46.6313,75.63
4.68,Afternoon,Weekend,4,Medium,Rain,53.6582,97.5
36.68,Morning,Weekday,4,Low,Clear,85.5747,108.41
25.28,Morning,Weekend,3,Medium,Snow,73.3549,76.73
34.73,Evening,Weekday,4,Low,Clear,44.8859,5.65
22.31,Afternoon,Weekday,2,Low,Clear,54.6247,26.43
13.07,,Weekend,2,Medium,Clear,24.6973,16.47
41.14,Evening,Weekend,3,Medium,Rain,82.442,46.78
40.17,Evening,Weekday,3,Low,Clear,56.6394,62.66
35.04,Morning,Weekend,4,Medium,Rain,,9.99
14.34,Afternoon,Weekday,1,Medium,Clear,30.7837,45.07
,Morning,Weekday,3,Medium,Clear,55.3348,25.61
18.69,Evening,Weekday,3,Medium,Clear,51.8548,79.41
5.49,Afternoon,Weekend,4,Medium,Clear,34.4049,58.39
45.95,Night,Weekday,4,Medium,Clear,62.1295,61.96
7.7,Morning,Weekday,3,Low,Rain,33.1236,54.18
47.56,Morning,Weekday,1,Low,Clear,61.209,114.94
22.85,Morning,Weekend,3,Medium,Clear,45.4437,29.69
